cluster_perf_only,run_1_zscore,1000m Ski_zscore,roxzone_1_zscore,run_2_zscore,50m Sled Push_zscore,roxzone_2_zscore,run_3_zscore,50m Sled Pull_zscore,roxzone_3_zscore,run_4_zscore,80m Burpee Broad Jump_zscore,roxzone_4_zscore,run_5_zscore,1000m Row_zscore,roxzone_5_zscore,run_6_zscore,200m Farmer Carry_zscore,roxzone_6_zscore,run_7_zscore,100m Sandbag Lunges_zscore,roxzone_7_zscore,run_8_zscore,100 Wall Balls_zscore
0,-0.5476292033969414,-0.6216537850398065,-0.22018280891376926,-0.7053846088590311,-0.3323533062363369,-0.44492321404506413,-0.6998652592580679,-0.5047471158193719,-0.4509307156977746,-0.72383916050916,-0.5947100042996837,-0.431018396802011,-0.7252141859110214,-0.6715203689687635,-0.41786767683337894,-0.7255035415038582,-0.5422718565677551,-0.4757398083250656,-0.707987575869089,-0.5304163577573018,-0.4459980647331306,-0.654755145365407,-0.34911953513259086
1,-0.030642784860405038,0.4127098710752361,-0.02274788113561694,-0.04931516162493358,0.6130396181756779,0.1481585815479995,-0.01511094221161583,0.6135095981600363,0.08500273039102829,-0.03308677425316291,0.5113104113416832,0.16654204276666193,-0.02123420162034218,0.3777439381386841,0.057730053836066414,-0.026184852656298812,0.5863263857557701,0.24688497901216563,-0.02130537526090724,0.5326099579197402,0.24229681909578876,0.06606537685553468,0.6028048788666506
2,1.0609295269235697,1.119070114767643,0.5378743344652706,1.5256154604349508,0.808873317078354,1.0330616262845542,1.608026215421091,1.0902729365273358,1.0242076742421529,1.6876841347047054,1.4706398519262887,0.9453646460094038,1.7444919441713926,1.3020989041108797,0.8495318811230836,1.719626442219503,1.118184831020121,0.9520510337695778,1.7109441443418811,1.39903531766143,1.033313724522522,1.7437311342614117,0.9457032569888897
3,0.5214190074591883,0.04131099045971898,0.1677237225533102,0.605015886807571,-0.6036173845659303,0.10849996982891123,0.5081947522448103,-0.4265536823252886,0.207769689382502,0.5364418652146348,-0.3152810108283139,0.10234791892203171,0.49481899817813785,0.08816889819336375,0.27030101781192745,0.5143702850914165,-0.33514005768979654,0.07513300049022963,0.4798765809421613,-0.4264860220578041,-0.014449157919657037,0.24923653143888821,-0.6275868534751193
