{"low_thresh": -1.0643541362837639, "high_thresh": 1.0549057572114524}